{"cameraMode":{"drawMode":0,"name":"Shaded","section":"Shading Mode"},"sceneLighting":true,"audioPlay":false,"sceneViewState":{"showFog":true,"showMaterialUpdate":false,"showSkybox":true,"showFlares":true,"showImageEffects":true,"showParticleSystems":true},"in2DMode":false,"pivot":{"x":561.2650756835938,"y":-26.259096145629884,"z":542.8256225585938},"rotation":{"x":0.12304602563381195,"y":0.6997485160827637,"z":-0.1243053674697876,"w":0.6926511526107788},"size":105.3369369506836,"orthographic":false}