{"cameraMode":{"drawMode":0,"name":"Shaded","section":"Shading Mode"},"sceneLighting":true,"audioPlay":false,"sceneViewState":{"showFog":true,"showMaterialUpdate":false,"showSkybox":true,"showFlares":true,"showImageEffects":true,"showParticleSystems":true},"in2DMode":false,"pivot":{"x":482.9110107421875,"y":1.0499999523162842,"z":543.4000244140625},"rotation":{"x":-0.11668400466442108,"y":0.7774121761322022,"z":-0.15137451887130738,"w":-0.5992518663406372},"size":4.041658401489258,"orthographic":false}